{
  "cards": {
    "Bug": [
      {
        "fieldIdentifier": "System.Title"
      },
      {
        "fieldIdentifier": "System.AssignedTo",
        "displayFormat": "AvatarAndFullName"
      },
      {
        "fieldIdentifier": "System.Tags"
      },
      {
        "fieldIdentifier": "Microsoft.VSTS.Scheduling.StoryPoints"
      }
    ],
    "User Story": [
      {
        "fieldIdentifier": "System.Title"
      },
      {
        "fieldIdentifier": "Microsoft.VSTS.Common.ActivatedDate"
      },
      {
        "fieldIdentifier": "System.AssignedTo",
        "displayFormat": "AvatarAndFullName",
        "displayType": "COREANDADDITIONAL"
      },
      {
        "fieldIdentifier": "System.ChangedBy"
      },
      {
        "fieldIdentifier": "System.Id",
        "displayType": "CORE"
      },
      {
        "fieldIdentifier": "Microsoft.VSTS.Scheduling.StoryPoints",
        "displayType": "CORE"
      },
      {
        "fieldIdentifier": "System.Tags",
        "displayType": "CORE"
      },
      {
        "showEmptyFields": "false"
      }
    ]
  }
}